frame,time_s,Kc,target_speed,error_L,error_R,command_L,command_R,left_speed,right_speed,v,w,theta_deg,x,y
3,0.048,30.0,50.0,1.616,1.8464,48.48,55.392,48.3871,48.5625,48.4748,0.0029,0.0725,202.35,240.0
6,0.096,30.0,50.0,1.6129,1.4703,48.3871,44.11,48.3871,48.5294,48.4582,0.0024,0.079,204.68,240.01
9,0.144,30.0,50.0,1.6129,1.4706,48.3871,44.1177,48.3871,48.5294,48.4583,0.0024,0.0855,207.01,240.01
12,0.192,30.0,50.0,1.6129,1.4706,48.3871,44.1176,48.3871,48.5294,48.4583,0.0024,0.092,209.33,240.01
15,0.24,30.0,50.0,1.6129,1.4706,48.3871,44.1176,48.3871,48.5294,48.4583,0.0024,0.0986,211.66,240.02
18,0.288,30.0,50.0,1.6129,1.4706,48.3871,44.1176,48.3871,48.5294,48.4583,0.0024,0.1051,213.98,240.02
21,0.336,30.0,50.0,1.6129,1.4706,48.3871,44.1176,48.3871,48.5294,48.4583,0.0024,0.1116,216.31,240.03
24,0.384,30.0,50.0,1.6129,1.4706,48.3871,44.1176,48.3871,48.5294,48.4583,0.0024,0.1181,218.64,240.03
27,0.432,30.0,50.0,1.6129,1.4706,48.3871,44.1176,48.3871,48.5294,48.4583,0.0024,0.1246,220.96,240.04
30,0.48,30.0,50.0,1.6129,1.4706,48.3871,44.1176,48.3871,48.5294,48.4583,0.0024,0.1312,223.29,240.04
33,0.528,30.0,50.0,1.6129,1.4706,48.3871,44.1176,48.3871,48.5294,48.4583,0.0024,0.1377,225.61,240.05
36,0.576,30.0,50.0,1.6129,1.4706,48.3871,44.1176,48.3871,48.5294,48.4583,0.0024,0.1442,227.94,240.05
39,0.624,30.0,50.0,1.6129,1.4706,48.3871,44.1176,48.3871,48.5294,48.4583,0.0024,0.1507,230.27,240.06
42,0.672,30.0,50.0,1.6129,1.4706,48.3871,44.1176,48.3871,48.5294,48.4583,0.0024,0.1573,232.59,240.06
45,0.72,30.0,50.0,1.6129,1.4706,48.3871,44.1176,48.3871,48.5294,48.4583,0.0024,0.1638,234.92,240.07
48,0.768,30.0,50.0,1.6129,1.4706,48.3871,44.1176,48.3871,48.5294,48.4583,0.0024,0.1703,237.24,240.08
51,0.816,30.0,50.0,1.6129,1.4706,48.3871,44.1176,48.3871,48.5294,48.4583,0.0024,0.1768,239.57,240.08
54,0.864,30.0,50.0,1.6129,1.4706,48.3871,44.1176,48.3871,48.5294,48.4583,0.0024,0.1834,241.9,240.09
57,0.912,30.0,50.0,1.6129,1.4706,48.3871,44.1176,48.3871,48.5294,48.4583,0.0024,0.1899,244.22,240.1
60,0.96,30.0,50.0,1.6129,1.4706,48.3871,44.1176,48.3871,48.5294,48.4583,0.0024,0.1964,246.55,240.11
63,1.008,30.0,50.0,1.6129,1.4706,48.3871,44.1176,48.3871,48.5294,48.4583,0.0024,0.2029,248.87,240.12
66,1.056,30.0,50.0,1.6129,1.4706,48.3871,44.1176,48.3871,48.5294,48.4583,0.0024,0.2094,251.2,240.12
69,1.104,30.0,50.0,1.6129,1.4706,48.3871,44.1176,48.3871,48.5294,48.4583,0.0024,0.216,253.53,240.13
72,1.152,30.0,50.0,1.6129,1.4706,48.3871,44.1176,48.3871,48.5294,48.4583,0.0024,0.2225,255.85,240.14
75,1.2,30.0,50.0,1.6129,1.4706,48.3871,44.1176,48.3871,48.5294,48.4583,0.0024,0.229,258.18,240.15
78,1.248,30.0,50.0,1.6129,1.4706,48.3871,44.1176,48.3871,48.5294,48.4583,0.0024,0.2355,260.5,240.16
81,1.296,30.0,50.0,1.6129,1.4706,48.3871,44.1176,48.3871,48.5294,48.4583,0.0024,0.2421,262.83,240.17
84,1.344,30.0,50.0,1.6129,1.4706,48.3871,44.1176,48.3871,48.5294,48.4583,0.0024,0.2486,265.16,240.18
87,1.392,30.0,50.0,1.6129,1.4706,48.3871,44.1176,48.3871,48.5294,48.4583,0.0024,0.2551,267.48,240.19
90,1.44,30.0,50.0,1.6129,1.4706,48.3871,44.1176,48.3871,48.5294,48.4583,0.0024,0.2616,269.81,240.2
93,1.488,30.0,50.0,1.6129,1.4706,48.3871,44.1176,48.3871,48.5294,48.4583,0.0024,0.2682,272.13,240.21
96,1.536,30.0,50.0,1.6129,1.4706,48.3871,44.1176,48.3871,48.5294,48.4583,0.0024,0.2747,274.46,240.22
99,1.584,30.0,50.0,1.6129,1.4706,48.3871,44.1176,48.3871,48.5294,48.4583,0.0024,0.2812,276.79,240.23
102,1.632,30.0,50.0,1.6129,1.4706,48.3871,44.1176,48.3871,48.5294,48.4583,0.0024,0.2877,279.11,240.25
105,1.68,30.0,50.0,1.6129,1.4706,48.3871,44.1176,48.3871,48.5294,48.4583,0.0024,0.2942,281.44,240.26
108,1.728,30.0,50.0,1.6129,1.4706,48.3871,44.1176,48.3871,48.5294,48.4583,0.0024,0.3008,283.76,240.27
111,1.776,30.0,50.0,1.6129,1.4706,48.3871,44.1176,48.3871,48.5294,48.4583,0.0024,0.3073,286.09,240.28
114,1.824,30.0,50.0,1.6129,1.4706,48.3871,44.1176,48.3871,48.5294,48.4583,0.0024,0.3138,288.42,240.29
117,1.872,30.0,50.0,1.6129,1.4706,48.3871,44.1176,48.3871,48.5294,48.4583,0.0024,0.3203,290.74,240.31
120,1.92,30.0,50.0,1.6129,1.4706,48.3871,44.1176,48.3871,48.5294,48.4583,0.0024,0.3269,293.07,240.32
123,1.968,30.0,50.0,1.6129,1.4706,48.3871,44.1176,48.3871,48.5294,48.4583,0.0024,0.3334,295.39,240.33
126,2.016,30.0,50.0,1.6129,1.4706,48.3871,44.1176,48.3871,48.5294,48.4583,0.0024,0.3399,297.72,240.35
129,2.064,30.0,50.0,1.6129,1.4706,48.3871,44.1176,48.3871,48.5294,48.4583,0.0024,0.3464,300.05,240.36
132,2.112,30.0,50.0,1.6129,1.4706,48.3871,44.1176,48.3871,48.5294,48.4583,0.0024,0.353,302.37,240.38
135,2.16,30.0,50.0,1.6129,1.4706,48.3871,44.1176,48.3871,48.5294,48.4583,0.0024,0.3595,304.7,240.39
138,2.208,30.0,50.0,1.6129,1.4706,48.3871,44.1176,48.3871,48.5294,48.4583,0.0024,0.366,307.02,240.41
141,2.256,30.0,50.0,1.6129,1.4706,48.3871,44.1176,48.3871,48.5294,48.4583,0.0024,0.3725,309.35,240.42
144,2.304,30.0,50.0,1.6129,1.4706,48.3871,44.1176,48.3871,48.5294,48.4583,0.0024,0.379,311.68,240.44
147,2.352,30.0,50.0,1.6129,1.4706,48.3871,44.1176,48.3871,48.5294,48.4583,0.0024,0.3856,314.0,240.45
150,2.4,30.0,50.0,1.6129,1.4706,48.3871,44.1176,48.3871,48.5294,48.4583,0.0024,0.3921,316.33,240.47
153,2.448,30.0,50.0,1.6129,1.4706,48.3871,44.1176,48.3871,48.5294,48.4583,0.0024,0.3986,318.65,240.48
156,2.496,30.0,50.0,1.6129,1.4706,48.3871,44.1176,48.3871,48.5294,48.4583,0.0024,0.4051,320.98,240.5
159,2.544,30.0,50.0,1.6129,1.4706,48.3871,44.1176,48.3871,48.5294,48.4583,0.0024,0.4117,323.3,240.52
162,2.592,30.0,50.0,1.6129,1.4706,48.3871,44.1176,48.3871,48.5294,48.4583,0.0024,0.4182,325.63,240.53
165,2.64,30.0,50.0,1.6129,1.4706,48.3871,44.1176,48.3871,48.5294,48.4583,0.0024,0.4247,327.96,240.55
168,2.688,30.0,50.0,1.6129,1.4706,48.3871,44.1176,48.3871,48.5294,48.4583,0.0024,0.4312,330.28,240.57
171,2.736,30.0,50.0,1.6129,1.4706,48.3871,44.1176,48.3871,48.5294,48.4583,0.0024,0.4378,332.61,240.59
174,2.784,30.0,50.0,1.6129,1.4706,48.3871,44.1176,48.3871,48.5294,48.4583,0.0024,0.4443,334.93,240.6
177,2.832,30.0,50.0,1.6129,1.4706,48.3871,44.1176,48.3871,48.5294,48.4583,0.0024,0.4508,337.26,240.62
180,2.88,30.0,50.0,1.6129,1.4706,48.3871,44.1176,48.3871,48.5294,48.4583,0.0024,0.4573,339.59,240.64
183,2.928,30.0,50.0,1.6129,1.4706,48.3871,44.1176,48.3871,48.5294,48.4583,0.0024,0.4639,341.91,240.66
186,2.976,30.0,50.0,1.6129,1.4706,48.3871,44.1176,48.3871,48.5294,48.4583,0.0024,0.4704,344.24,240.68
189,3.024,30.0,50.0,1.6129,1.4706,48.3871,44.1176,48.3871,48.5294,48.4583,0.0024,0.4769,346.56,240.7
192,3.072,30.0,50.0,1.6129,1.4706,48.3871,44.1176,48.3871,48.5294,48.4583,0.0024,0.4834,348.89,240.72
195,3.12,30.0,50.0,1.6129,1.4706,48.3871,44.1176,48.3871,48.5294,48.4583,0.0024,0.4899,351.22,240.74
198,3.168,30.0,50.0,1.6129,1.4706,48.3871,44.1176,48.3871,48.5294,48.4583,0.0024,0.4965,353.54,240.76
201,3.216,30.0,50.0,1.6129,1.4706,48.3871,44.1176,48.3871,48.5294,48.4583,0.0024,0.503,355.87,240.78
204,3.264,30.0,50.0,1.6129,1.4706,48.3871,44.1176,48.3871,48.5294,48.4583,0.0024,0.5095,358.19,240.8
207,3.312,30.0,50.0,1.6129,1.4706,48.3871,44.1176,48.3871,48.5294,48.4583,0.0024,0.516,360.52,240.82
210,3.36,30.0,50.0,1.6129,1.4706,48.3871,44.1176,48.3871,48.5294,48.4583,0.0024,0.5226,362.85,240.84
213,3.408,30.0,50.0,1.6129,1.4706,48.3871,44.1176,48.3871,48.5294,48.4583,0.0024,0.5291,365.17,240.86
216,3.456,30.0,50.0,1.6129,1.4706,48.3871,44.1176,48.3871,48.5294,48.4583,0.0024,0.5356,367.5,240.88
219,3.504,30.0,50.0,1.6129,1.4706,48.3871,44.1176,48.3871,48.5294,48.4583,0.0024,0.5421,369.82,240.9
222,3.552,30.0,50.0,1.6129,1.4706,48.3871,44.1176,48.3871,48.5294,48.4583,0.0024,0.5487,372.15,240.93
225,3.6,30.0,50.0,1.6129,1.4706,48.3871,44.1176,48.3871,48.5294,48.4583,0.0024,0.5552,374.47,240.95
228,3.648,30.0,50.0,1.6129,1.4706,48.3871,44.1176,48.3871,48.5294,48.4583,0.0024,0.5617,376.8,240.97
231,3.696,30.0,50.0,1.6129,1.4706,48.3871,44.1176,48.3871,48.5294,48.4583,0.0024,0.5682,379.13,240.99
234,3.744,30.0,50.0,1.6129,1.4706,48.3871,44.1176,48.3871,48.5294,48.4583,0.0024,0.5747,381.45,241.02
237,3.792,30.0,50.0,1.6129,1.4706,48.3871,44.1176,48.3871,48.5294,48.4583,0.0024,0.5813,383.78,241.04
240,3.84,30.0,50.0,1.6129,1.4706,48.3871,44.1176,48.3871,48.5294,48.4583,0.0024,0.5878,386.1,241.07
243,3.888,30.0,50.0,1.6129,1.4706,48.3871,44.1176,48.3871,48.5294,48.4583,0.0024,0.5943,388.43,241.09
246,3.936,30.0,50.0,1.6129,1.4706,48.3871,44.1176,48.3871,48.5294,48.4583,0.0024,0.6008,390.76,241.11
249,3.984,30.0,50.0,1.6129,1.4706,48.3871,44.1176,48.3871,48.5294,48.4583,0.0024,0.6074,393.08,241.14
252,4.032,30.0,50.0,1.6129,1.4706,48.3871,44.1176,48.3871,48.5294,48.4583,0.0024,0.6139,395.41,241.16
255,4.08,30.0,50.0,1.6129,1.4706,48.3871,44.1176,48.3871,48.5294,48.4583,0.0024,0.6204,397.73,241.19
258,4.128,30.0,50.0,1.6129,1.4706,48.3871,44.1176,48.3871,48.5294,48.4583,0.0024,0.6269,400.06,241.21
261,4.176,30.0,50.0,1.6129,1.4706,48.3871,44.1176,48.3871,48.5294,48.4583,0.0024,0.6335,402.39,241.24
264,4.224,30.0,50.0,1.6129,1.4706,48.3871,44.1176,48.3871,48.5294,48.4583,0.0024,0.64,404.71,241.26
267,4.272,30.0,50.0,1.6129,1.4706,48.3871,44.1176,48.3871,48.5294,48.4583,0.0024,0.6465,407.04,241.29
270,4.32,30.0,50.0,1.6129,1.4706,48.3871,44.1176,48.3871,48.5294,48.4583,0.0024,0.653,409.36,241.32
273,4.368,30.0,50.0,1.6129,1.4706,48.3871,44.1176,48.3871,48.5294,48.4583,0.0024,0.6595,411.69,241.34
276,4.416,30.0,50.0,1.6129,1.4706,48.3871,44.1176,48.3871,48.5294,48.4583,0.0024,0.6661,414.01,241.37
279,4.464,30.0,50.0,1.6129,1.4706,48.3871,44.1176,48.3871,48.5294,48.4583,0.0024,0.6726,416.34,241.4
282,4.512,30.0,50.0,1.6129,1.4706,48.3871,44.1176,48.3871,48.5294,48.4583,0.0024,0.6791,418.67,241.43
285,4.56,30.0,50.0,1.6129,1.4706,48.3871,44.1176,48.3871,48.5294,48.4583,0.0024,0.6856,420.99,241.45
288,4.608,30.0,50.0,1.6129,1.4706,48.3871,44.1176,48.3871,48.5294,48.4583,0.0024,0.6922,423.32,241.48
291,4.656,30.0,50.0,1.6129,1.4706,48.3871,44.1176,48.3871,48.5294,48.4583,0.0024,0.6987,425.64,241.51
294,4.704,30.0,50.0,1.6129,1.4706,48.3871,44.1176,48.3871,48.5294,48.4583,0.0024,0.7052,427.97,241.54
297,4.752,30.0,50.0,1.6129,1.4706,48.3871,44.1176,48.3871,48.5294,48.4583,0.0024,0.7117,430.3,241.57
300,4.8,30.0,50.0,1.6129,1.4706,48.3871,44.1176,48.3871,48.5294,48.4583,0.0024,0.7183,432.62,241.6
303,4.848,30.0,50.0,1.6129,1.4706,48.3871,44.1176,48.3871,48.5294,48.4583,0.0024,0.7248,434.95,241.63
306,4.896,30.0,50.0,1.6129,1.4706,48.3871,44.1176,48.3871,48.5294,48.4583,0.0024,0.7313,437.27,241.66
309,4.944,30.0,50.0,1.6129,1.4706,48.3871,44.1176,48.3871,48.5294,48.4583,0.0024,0.7378,439.6,241.69
312,4.992,30.0,50.0,1.6129,1.4706,48.3871,44.1176,48.3871,48.5294,48.4583,0.0024,0.7444,441.92,241.72
315,5.04,30.0,50.0,1.6129,1.4706,48.3871,44.1176,48.3871,48.5294,48.4583,0.0024,0.7509,444.25,241.75
318,5.088,30.0,50.0,1.6129,1.4706,48.3871,44.1176,48.3871,48.5294,48.4583,0.0024,0.7574,446.58,241.78
321,5.136,30.0,50.0,1.6129,1.4706,48.3871,44.1176,48.3871,48.5294,48.4583,0.0024,0.7639,448.9,241.81
324,5.184,30.0,50.0,1.6129,1.4706,48.3871,44.1176,48.3871,48.5294,48.4583,0.0024,0.7704,451.23,241.84
327,5.232,30.0,50.0,1.6129,1.4706,48.3871,44.1176,48.3871,48.5294,48.4583,0.0024,0.777,453.55,241.87
330,5.28,30.0,50.0,1.6129,1.4706,48.3871,44.1176,48.3871,48.5294,48.4583,0.0024,0.7835,455.88,241.9
333,5.328,30.0,50.0,1.6129,1.4706,48.3871,44.1176,48.3871,48.5294,48.4583,0.0024,0.79,458.2,241.93
336,5.376,30.0,50.0,1.6129,1.4706,48.3871,44.1176,48.3871,48.5294,48.4583,0.0024,0.7965,460.53,241.97
339,5.424,30.0,50.0,1.6129,1.4706,48.3871,44.1176,48.3871,48.5294,48.4583,0.0024,0.8031,462.86,242.0
342,5.472,30.0,50.0,1.6129,1.4706,48.3871,44.1176,48.3871,48.5294,48.4583,0.0024,0.8096,465.18,242.03
345,5.52,30.0,50.0,1.6129,1.4706,48.3871,44.1176,48.3871,48.5294,48.4583,0.0024,0.8161,467.51,242.06
348,5.568,30.0,50.0,1.6129,1.4706,48.3871,44.1176,48.3871,48.5294,48.4583,0.0024,0.8226,469.83,242.1
351,5.616,30.0,50.0,1.6129,1.4706,48.3871,44.1176,48.3871,48.5294,48.4583,0.0024,0.8292,472.16,242.13
354,5.664,30.0,50.0,1.6129,1.4706,48.3871,44.1176,48.3871,48.5294,48.4583,0.0024,0.8357,474.49,242.16
357,5.712,30.0,50.0,1.6129,1.4706,48.3871,44.1176,48.3871,48.5294,48.4583,0.0024,0.8422,476.81,242.2
360,5.76,30.0,50.0,1.6129,1.4706,48.3871,44.1176,48.3871,48.5294,48.4583,0.0024,0.8487,479.14,242.23
363,5.808,30.0,50.0,1.6129,1.4706,48.3871,44.1176,48.3871,48.5294,48.4583,0.0024,0.8552,481.46,242.27
366,5.856,30.0,50.0,1.6129,1.4706,48.3871,44.1176,48.3871,48.5294,48.4583,0.0024,0.8618,483.79,242.3
369,5.904,30.0,50.0,1.6129,1.4706,48.3871,44.1176,48.3871,48.5294,48.4583,0.0024,0.8683,486.11,242.34
372,5.952,30.0,50.0,1.6129,1.4706,48.3871,44.1176,48.3871,48.5294,48.4583,0.0024,0.8748,488.44,242.37
375,6.0,30.0,50.0,1.6129,1.4706,48.3871,44.1176,48.3871,48.5294,48.4583,0.0024,0.8813,490.77,242.41
378,6.048,30.0,50.0,1.6129,1.4706,48.3871,44.1176,48.3871,48.5294,48.4583,0.0024,0.8879,493.09,242.45
381,6.096,30.0,50.0,1.6129,1.4706,48.3871,44.1176,48.3871,48.5294,48.4583,0.0024,0.8944,495.42,242.48
384,6.144,30.0,50.0,1.6129,1.4706,48.3871,44.1176,48.3871,48.5294,48.4583,0.0024,0.9009,497.74,242.52
387,6.192,30.0,50.0,1.6129,1.4706,48.3871,44.1176,48.3871,48.5294,48.4583,0.0024,0.9074,500.07,242.55
390,6.24,30.0,50.0,1.6129,1.4706,48.3871,44.1176,48.3871,48.5294,48.4583,0.0024,0.914,502.39,242.59
393,6.288,30.0,50.0,1.6129,1.4706,48.3871,44.1176,48.3871,48.5294,48.4583,0.0024,0.9205,504.72,242.63
396,6.336,30.0,50.0,1.6129,1.4706,48.3871,44.1176,48.3871,48.5294,48.4583,0.0024,0.927,507.05,242.67
399,6.384,30.0,50.0,1.6129,1.4706,48.3871,44.1176,48.3871,48.5294,48.4583,0.0024,0.9335,509.37,242.7
402,6.432,30.0,50.0,1.6129,1.4706,48.3871,44.1176,48.3871,48.5294,48.4583,0.0024,0.94,511.7,242.74
405,6.48,30.0,50.0,1.6129,1.4706,48.3871,44.1176,48.3871,48.5294,48.4583,0.0024,0.9466,514.02,242.78
408,6.528,30.0,50.0,1.6129,1.4706,48.3871,44.1176,48.3871,48.5294,48.4583,0.0024,0.9531,516.35,242.82
411,6.576,30.0,50.0,1.6129,1.4706,48.3871,44.1176,48.3871,48.5294,48.4583,0.0024,0.9596,518.67,242.86
414,6.624,30.0,50.0,1.6129,1.4706,48.3871,44.1176,48.3871,48.5294,48.4583,0.0024,0.9661,521.0,242.9
417,6.672,30.0,50.0,1.6129,1.4706,48.3871,44.1176,48.3871,48.5294,48.4583,0.0024,0.9727,523.33,242.94
420,6.72,30.0,50.0,1.6129,1.4706,48.3871,44.1176,48.3871,48.5294,48.4583,0.0024,0.9792,525.65,242.98
423,6.768,30.0,50.0,1.6129,1.4706,48.3871,44.1176,48.3871,48.5294,48.4583,0.0024,0.9857,527.98,243.02
426,6.816,30.0,50.0,1.6129,1.4706,48.3871,44.1176,48.3871,48.5294,48.4583,0.0024,0.9922,530.3,243.06
429,6.864,30.0,50.0,1.6129,1.4706,48.3871,44.1176,48.3871,48.5294,48.4583,0.0024,0.9988,532.63,243.1
432,6.912,30.0,50.0,1.6129,1.4706,48.3871,44.1176,48.3871,48.5294,48.4583,0.0024,1.0053,534.95,243.14
435,6.96,30.0,50.0,1.6129,1.4706,48.3871,44.1176,48.3871,48.5294,48.4583,0.0024,1.0118,537.28,243.18
438,7.008,30.0,50.0,1.6129,1.4706,48.3871,44.1176,48.3871,48.5294,48.4583,0.0024,1.0183,539.6,243.22
441,7.056,30.0,50.0,1.6129,1.4706,48.3871,44.1176,48.3871,48.5294,48.4583,0.0024,1.0249,541.93,243.26
444,7.104,30.0,50.0,1.6129,1.4706,48.3871,44.1176,48.3871,48.5294,48.4583,0.0024,1.0314,544.26,243.3
447,7.152,30.0,50.0,1.6129,1.4706,48.3871,44.1176,48.3871,48.5294,48.4583,0.0024,1.0379,546.58,243.35
450,7.2,30.0,50.0,1.6129,1.4706,48.3871,44.1176,48.3871,48.5294,48.4583,0.0024,1.0444,548.91,243.39
453,7.248,30.0,50.0,1.6129,1.4706,48.3871,44.1176,48.3871,48.5294,48.4583,0.0024,1.0509,551.23,243.43
456,7.296,30.0,50.0,1.6129,1.4706,48.3871,44.1176,48.3871,48.5294,48.4583,0.0024,1.0575,553.56,243.47
459,7.344,30.0,50.0,1.6129,1.4706,48.3871,44.1176,48.3871,48.5294,48.4583,0.0024,1.064,555.88,243.52
462,7.392,30.0,50.0,1.6129,1.4706,48.3871,44.1176,48.3871,48.5294,48.4583,0.0024,1.0705,558.21,243.56
465,7.44,30.0,50.0,1.6129,1.4706,48.3871,44.1176,48.3871,48.5294,48.4583,0.0024,1.077,560.54,243.6
468,7.488,30.0,50.0,1.6129,1.4706,48.3871,44.1176,48.3871,48.5294,48.4583,0.0024,1.0836,562.86,243.65
471,7.536,30.0,50.0,1.6129,1.4706,48.3871,44.1176,48.3871,48.5294,48.4583,0.0024,1.0901,565.19,243.69
474,7.584,30.0,50.0,1.6129,1.4706,48.3871,44.1176,48.3871,48.5294,48.4583,0.0024,1.0966,567.51,243.74
477,7.632,30.0,50.0,1.6129,1.4706,48.3871,44.1176,48.3871,48.5294,48.4583,0.0024,1.1031,569.84,243.78
480,7.68,30.0,50.0,1.6129,1.4706,48.3871,44.1176,48.3871,48.5294,48.4583,0.0024,1.1097,572.16,243.83
483,7.728,30.0,50.0,1.6129,1.4706,48.3871,44.1176,48.3871,48.5294,48.4583,0.0024,1.1162,574.49,243.87
486,7.776,30.0,50.0,1.6129,1.4706,48.3871,44.1176,48.3871,48.5294,48.4583,0.0024,1.1227,576.81,243.92
489,7.824,30.0,50.0,1.6129,1.4706,48.3871,44.1176,48.3871,48.5294,48.4583,0.0024,1.1292,579.14,243.96
492,7.872,30.0,50.0,1.6129,1.4706,48.3871,44.1176,48.3871,48.5294,48.4583,0.0024,1.1357,581.47,244.01
495,7.92,30.0,50.0,1.6129,1.4706,48.3871,44.1176,48.3871,48.5294,48.4583,0.0024,1.1423,583.79,244.05
498,7.968,30.0,50.0,1.6129,1.4706,48.3871,44.1176,48.3871,48.5294,48.4583,0.0024,1.1488,586.12,244.1
501,8.016,30.0,50.0,1.6129,1.4706,48.3871,44.1176,48.3871,48.5294,48.4583,0.0024,1.1553,588.44,244.15
504,8.064,30.0,50.0,1.6129,1.4706,48.3871,44.1176,48.3871,48.5294,48.4583,0.0024,1.1618,590.77,244.19
507,8.112,30.0,50.0,1.6129,1.4706,48.3871,44.1176,48.3871,48.5294,48.4583,0.0024,1.1684,593.09,244.24
510,8.16,30.0,50.0,1.6129,1.4706,48.3871,44.1176,48.3871,48.5294,48.4583,0.0024,1.1749,595.42,244.29
513,8.208,30.0,50.0,1.6129,1.4706,48.3871,44.1176,48.3871,48.5294,48.4583,0.0024,1.1814,597.74,244.34
516,8.256,30.0,50.0,1.6129,1.4706,48.3871,44.1176,48.3871,48.5294,48.4583,0.0024,1.1879,600.07,244.39
519,8.304,30.0,50.0,1.6129,1.4706,48.3871,44.1176,48.3871,48.5294,48.4583,0.0024,1.1945,602.39,244.43
522,8.352,30.0,50.0,1.6129,1.4706,48.3871,44.1176,48.3871,48.5294,48.4583,0.0024,1.201,604.72,244.48
525,8.4,30.0,50.0,1.6129,1.4706,48.3871,44.1176,48.3871,48.5294,48.4583,0.0024,1.2075,607.05,244.53
528,8.448,30.0,50.0,1.6129,1.4706,48.3871,44.1176,48.3871,48.5294,48.4583,0.0024,1.214,609.37,244.58
531,8.496,30.0,50.0,1.6129,1.4706,48.3871,44.1176,48.3871,48.5294,48.4583,0.0024,1.2205,611.7,244.63
534,8.544,30.0,50.0,1.6129,1.4706,48.3871,44.1176,48.3871,48.5294,48.4583,0.0024,1.2271,614.02,244.68
537,8.592,30.0,50.0,1.6129,1.4706,48.3871,44.1176,48.3871,48.5294,48.4583,0.0024,1.2336,616.35,244.73
540,8.64,30.0,50.0,1.6129,1.4706,48.3871,44.1176,48.3871,48.5294,48.4583,0.0024,1.2401,618.67,244.78
543,8.688,30.0,50.0,1.6129,1.4706,48.3871,44.1176,48.3871,48.5294,48.4583,0.0024,1.2466,621.0,244.83
546,8.736,30.0,50.0,1.6129,1.4706,48.3871,44.1176,48.3871,48.5294,48.4583,0.0024,1.2532,623.32,244.88
549,8.784,30.0,50.0,1.6129,1.4706,48.3871,44.1176,48.3871,48.5294,48.4583,0.0024,1.2597,625.65,244.93
552,8.832,30.0,50.0,1.6129,1.4706,48.3871,44.1176,48.3871,48.5294,48.4583,0.0024,1.2662,627.97,244.98
555,8.88,30.0,50.0,1.6129,1.4706,48.3871,44.1176,48.3871,48.5294,48.4583,0.0024,1.2727,630.3,245.03
558,8.928,30.0,50.0,1.6129,1.4706,48.3871,44.1176,48.3871,48.5294,48.4583,0.0024,1.2793,632.63,245.09
561,8.976,30.0,50.0,1.6129,1.4706,48.3871,44.1176,48.3871,48.5294,48.4583,0.0024,1.2858,634.95,245.14
564,9.024,30.0,50.0,1.6129,1.4706,48.3871,44.1176,48.3871,48.5294,48.4583,0.0024,1.2923,637.28,245.19
567,9.072,30.0,50.0,1.6129,1.4706,48.3871,44.1176,48.3871,48.5294,48.4583,0.0024,1.2988,639.6,245.24
570,9.12,30.0,50.0,1.6129,1.4706,48.3871,44.1176,48.3871,48.5294,48.4583,0.0024,1.3053,641.93,245.3
573,9.168,30.0,50.0,1.6129,1.4706,48.3871,44.1176,48.3871,48.5294,48.4583,0.0024,1.3119,644.25,245.35
576,9.216,30.0,50.0,1.6129,1.4706,48.3871,44.1176,48.3871,48.5294,48.4583,0.0024,1.3184,646.58,245.4
579,9.264,30.0,50.0,1.6129,1.4706,48.3871,44.1176,48.3871,48.5294,48.4583,0.0024,1.3249,648.9,245.46
582,9.312,30.0,50.0,1.6129,1.4706,48.3871,44.1176,48.3871,48.5294,48.4583,0.0024,1.3314,651.23,245.51
585,9.36,30.0,50.0,1.6129,1.4706,48.3871,44.1176,48.3871,48.5294,48.4583,0.0024,1.338,653.55,245.57
588,9.408,30.0,50.0,1.6129,1.4706,48.3871,44.1176,48.3871,48.5294,48.4583,0.0024,1.3445,655.88,245.62
591,9.456,30.0,50.0,1.6129,1.4706,48.3871,44.1176,48.3871,48.5294,48.4583,0.0024,1.351,658.2,245.67
594,9.504,30.0,50.0,1.6129,1.4706,48.3871,44.1176,48.3871,48.5294,48.4583,0.0024,1.3575,660.53,245.73
597,9.552,30.0,50.0,1.6129,1.4706,48.3871,44.1176,48.3871,48.5294,48.4583,0.0024,1.3641,662.86,245.78
600,9.6,30.0,50.0,1.6129,1.4706,48.3871,44.1176,48.3871,48.5294,48.4583,0.0024,1.3706,665.18,245.84
603,9.648,30.0,50.0,1.6129,1.4706,48.3871,44.1176,48.3871,48.5294,48.4583,0.0024,1.3771,667.51,245.9
606,9.696,30.0,50.0,1.6129,1.4706,48.3871,44.1176,48.3871,48.5294,48.4583,0.0024,1.3836,669.83,245.95
609,9.744,30.0,50.0,1.6129,1.4706,48.3871,44.1176,48.3871,48.5294,48.4583,0.0024,1.3902,672.16,246.01
612,9.792,30.0,50.0,1.6129,1.4706,48.3871,44.1176,48.3871,48.5294,48.4583,0.0024,1.3967,674.48,246.07
615,9.84,30.0,50.0,1.6129,1.4706,48.3871,44.1176,48.3871,48.5294,48.4583,0.0024,1.4032,676.81,246.12
618,9.888,30.0,50.0,1.6129,1.4706,48.3871,44.1176,48.3871,48.5294,48.4583,0.0024,1.4097,679.13,246.18
621,9.936,30.0,50.0,1.6129,1.4706,48.3871,44.1176,48.3871,48.5294,48.4583,0.0024,1.4162,681.46,246.24
624,9.984,30.0,50.0,1.6129,1.4706,48.3871,44.1176,48.3871,48.5294,48.4583,0.0024,1.4228,683.78,246.29
627,10.032,30.0,50.0,1.6129,1.4706,48.3871,44.1176,48.3871,48.5294,48.4583,0.0024,1.4293,686.11,246.35
630,10.08,30.0,50.0,1.6129,1.4706,48.3871,44.1176,48.3871,48.5294,48.4583,0.0024,1.4358,688.43,246.41
633,10.128,30.0,50.0,1.6129,1.4706,48.3871,44.1176,48.3871,48.5294,48.4583,0.0024,1.4423,690.76,246.47
636,10.176,30.0,50.0,1.6129,1.4706,48.3871,44.1176,48.3871,48.5294,48.4583,0.0024,1.4489,693.08,246.53
639,10.224,30.0,50.0,1.6129,1.4706,48.3871,44.1176,48.3871,48.5294,48.4583,0.0024,1.4554,695.41,246.59
642,10.272,30.0,50.0,1.6129,1.4706,48.3871,44.1176,48.3871,48.5294,48.4583,0.0024,1.4619,697.73,246.65
645,10.32,30.0,50.0,1.6129,1.4706,48.3871,44.1176,48.3871,48.5294,48.4583,0.0024,1.4684,700.06,246.71
648,10.368,30.0,50.0,1.6129,1.4706,48.3871,44.1176,48.3871,48.5294,48.4583,0.0024,1.475,702.39,246.77
651,10.416,30.0,50.0,1.6129,1.4706,48.3871,44.1176,48.3871,48.5294,48.4583,0.0024,1.4815,704.71,246.83
654,10.464,30.0,50.0,1.6129,1.4706,48.3871,44.1176,48.3871,48.5294,48.4583,0.0024,1.488,707.04,246.89
657,10.512,30.0,50.0,1.6129,1.4706,48.3871,44.1176,48.3871,48.5294,48.4583,0.0024,1.4945,709.36,246.95
660,10.56,30.0,50.0,1.6129,1.4706,48.3871,44.1176,48.3871,48.5294,48.4583,0.0024,1.501,711.69,247.01
663,10.608,30.0,50.0,1.6129,1.4706,48.3871,44.1176,48.3871,48.5294,48.4583,0.0024,1.5076,714.01,247.07
666,10.656,30.0,50.0,1.6129,1.4706,48.3871,44.1176,48.3871,48.5294,48.4583,0.0024,1.5141,716.34,247.13
669,10.704,30.0,50.0,1.6129,1.4706,48.3871,44.1176,48.3871,48.5294,48.4583,0.0024,1.5206,718.66,247.19
672,10.752,30.0,50.0,1.6129,1.4706,48.3871,44.1176,48.3871,48.5294,48.4583,0.0024,1.5271,720.99,247.25
675,10.8,30.0,50.0,1.6129,1.4706,48.3871,44.1176,48.3871,48.5294,48.4583,0.0024,1.5337,723.31,247.32
678,10.848,30.0,50.0,1.6129,1.4706,48.3871,44.1176,48.3871,48.5294,48.4583,0.0024,1.5402,725.64,247.38
681,10.896,30.0,50.0,1.6129,1.4706,48.3871,44.1176,48.3871,48.5294,48.4583,0.0024,1.5467,727.96,247.44
684,10.944,30.0,50.0,1.6129,1.4706,48.3871,44.1176,48.3871,48.5294,48.4583,0.0024,1.5532,730.29,247.5
687,10.992,30.0,50.0,1.6129,1.4706,48.3871,44.1176,48.3871,48.5294,48.4583,0.0024,1.5598,732.61,247.57
690,11.04,30.0,50.0,1.6129,1.4706,48.3871,44.1176,48.3871,48.5294,48.4583,0.0024,1.5663,734.94,247.63
693,11.088,30.0,50.0,1.6129,1.4706,48.3871,44.1176,48.3871,48.5294,48.4583,0.0024,1.5728,737.26,247.69
696,11.136,30.0,50.0,1.6129,1.4706,48.3871,44.1176,48.3871,48.5294,48.4583,0.0024,1.5793,739.59,247.76
699,11.184,30.0,50.0,1.6129,1.4706,48.3871,44.1176,48.3871,48.5294,48.4583,0.0024,1.5858,741.91,247.82
702,11.232,30.0,50.0,1.6129,1.4706,48.3871,44.1176,48.3871,48.5294,48.4583,0.0024,1.5924,744.24,247.89
705,11.28,30.0,50.0,1.6129,1.4706,48.3871,44.1176,48.3871,48.5294,48.4583,0.0024,1.5989,746.56,247.95
708,11.328,30.0,50.0,1.6129,1.4706,48.3871,44.1176,48.3871,48.5294,48.4583,0.0024,1.6054,748.89,248.02
711,11.376,30.0,50.0,1.6129,1.4706,48.3871,44.1176,48.3871,48.5294,48.4583,0.0024,1.6119,751.21,248.08
714,11.424,30.0,50.0,1.6129,1.4706,48.3871,44.1176,48.3871,48.5294,48.4583,0.0024,1.6185,753.54,248.15
717,11.472,30.0,50.0,1.6129,1.4706,48.3871,44.1176,48.3871,48.5294,48.4583,0.0024,1.625,755.86,248.21
720,11.52,30.0,50.0,1.6129,1.4706,48.3871,44.1176,48.3871,48.5294,48.4583,0.0024,1.6315,758.19,248.28
723,11.568,30.0,50.0,1.6129,1.4706,48.3871,44.1176,48.3871,48.5294,48.4583,0.0024,1.638,760.51,248.35
726,11.616,30.0,50.0,1.6129,1.4706,48.3871,44.1176,48.3871,48.5294,48.4583,0.0024,1.6446,762.84,248.41
729,11.664,30.0,50.0,1.6129,1.4706,48.3871,44.1176,48.3871,48.5294,48.4583,0.0024,1.6511,765.16,248.48
732,11.712,30.0,50.0,1.6129,1.4706,48.3871,44.1176,48.3871,48.5294,48.4583,0.0024,1.6576,767.49,248.55
735,11.76,30.0,50.0,1.6129,1.4706,48.3871,44.1176,48.3871,48.5294,48.4583,0.0024,1.6641,769.81,248.61
738,11.808,30.0,50.0,1.6129,1.4706,48.3871,44.1176,48.3871,48.5294,48.4583,0.0024,1.6707,772.14,248.68
741,11.856,30.0,50.0,1.6129,1.4706,48.3871,44.1176,48.3871,48.5294,48.4583,0.0024,1.6772,774.46,248.75
744,11.904,30.0,50.0,1.6129,1.4706,48.3871,44.1176,48.3871,48.5294,48.4583,0.0024,1.6837,776.79,248.82
747,11.952,30.0,50.0,1.6129,1.4706,48.3871,44.1176,48.3871,48.5294,48.4583,0.0024,1.6902,779.11,248.89
750,12.0,30.0,50.0,1.6129,1.4706,48.3871,44.1176,48.3871,48.5294,48.4583,0.0024,1.6967,781.44,248.96
753,12.048,30.0,50.0,1.6129,1.4706,48.3871,44.1176,48.3871,48.5294,48.4583,0.0024,1.7033,783.76,249.02
756,12.096,30.0,50.0,1.6129,1.4706,48.3871,44.1176,48.3871,48.5294,48.4583,0.0024,1.7098,786.09,249.09
759,12.144,30.0,50.0,1.6129,1.4706,48.3871,44.1176,48.3871,48.5294,48.4583,0.0024,1.7163,788.41,249.16
762,12.192,30.0,50.0,1.6129,1.4706,48.3871,44.1176,48.3871,48.5294,48.4583,0.0024,1.7228,790.74,249.23
765,12.24,30.0,50.0,1.6129,1.4706,48.3871,44.1176,48.3871,48.5294,48.4583,0.0024,1.7294,793.06,249.3
768,12.288,30.0,50.0,1.6129,1.4706,48.3871,44.1176,48.3871,48.5294,48.4583,0.0024,1.7359,795.39,249.37
771,12.336,30.0,50.0,1.6129,1.4706,48.3871,44.1176,48.3871,48.5294,48.4583,0.0024,1.7424,797.71,249.44
774,12.384,30.0,50.0,1.6129,1.4706,48.3871,44.1176,48.3871,48.5294,48.4583,0.0024,1.7489,800.04,249.52
777,12.432,30.0,50.0,1.6129,1.4706,48.3871,44.1176,48.3871,48.5294,48.4583,0.0024,1.7555,802.36,249.59
780,12.48,30.0,50.0,1.6129,1.4706,48.3871,44.1176,48.3871,48.5294,48.4583,0.0024,1.762,804.69,249.66
783,12.528,30.0,50.0,1.6129,1.4706,48.3871,44.1176,48.3871,48.5294,48.4583,0.0024,1.7685,807.01,249.73
786,12.576,30.0,50.0,1.6129,1.4706,48.3871,44.1176,48.3871,48.5294,48.4583,0.0024,1.775,809.34,249.8
789,12.624,30.0,50.0,1.6129,1.4706,48.3871,44.1176,48.3871,48.5294,48.4583,0.0024,1.7815,811.66,249.87
792,12.672,30.0,50.0,1.6129,1.4706,48.3871,44.1176,48.3871,48.5294,48.4583,0.0024,1.7881,813.99,249.95
795,12.72,30.0,50.0,1.6129,1.4706,48.3871,44.1176,48.3871,48.5294,48.4583,0.0024,1.7946,816.31,250.02
798,12.768,30.0,50.0,1.6129,1.4706,48.3871,44.1176,48.3871,48.5294,48.4583,0.0024,1.8011,818.64,250.09
801,12.816,30.0,50.0,1.6129,1.4706,48.3871,44.1176,48.3871,48.5294,48.4583,0.0024,1.8076,820.96,250.17
804,12.864,30.0,50.0,1.6129,1.4706,48.3871,44.1176,48.3871,48.5294,48.4583,0.0024,1.8142,823.29,250.24
807,12.912,30.0,50.0,1.6129,1.4706,48.3871,44.1176,48.3871,48.5294,48.4583,0.0024,1.8207,825.61,250.31
